Client Directory,Client Name,Object Count
"webroot_acetbn/assets/video/","acetbn",13
"webroot_amare/assets/video/","amare",1665
"webroot_ambit/assets/video/","ambit",132
"webroot_amshomes/assets/video/","amshomes",113
"webroot_arbonne/assets/video/","arbonne",471
"webroot_arieyl/assets/video/","arieyl",317
"webroot_arkshire/assets/video/","arkshire",89
"webroot_asea/assets/video/","asea",57
"webroot_australiana/assets/video/","australiana",5
"webroot_avere/assets/video/","avere",13
"webroot_b3science/assets/video/","b3science",17
"webroot_bedroom/assets/video/","bedroom",225
"webroot_bemer/assets/video/","bemer",60
"webroot_beyondslim/assets/video/","beyondslim",193
"webroot_boncook/assets/video/","boncook",49
"webroot_cili/assets/video/","cili",13
"webroot_cirrus/assets/video/","cirrus",100
"webroot_clubo/assets/video/","clubo",37
"webroot_demo/assets/video/","demo",145
"webroot_dswa/assets/video/","dswa",33
"webroot_dynomic/assets/video/","dynomic",21
"webroot_engage/assets/video/","engage",113
"webroot_evolv/assets/video/","evolv",9
"webroot_galexxy/assets/video/","galexxy",1
"webroot_gofinity/assets/video/","gofinity",9
"webroot_hellobrightools/assets/video/","hellobrightools",85
"webroot_inkling/assets/video/","inkling",9
"webroot_isapulse/assets/video/","isapulse",762
"webroot_itworks/assets/video/","itworks",73
"webroot_jbloom/assets/video/","jbloom",428
"webroot_juiceplus/assets/video/","juiceplus",9
"webroot_juuva/assets/video/","juuva",1904
"webroot_kannaway/assets/video/","kannaway",908
"webroot_kyani/assets/video/","kyani",157
"webroot_lbri/assets/video/","lbri",2224
"webroot_legalshield/assets/video/","legalshield",205
"webroot_level/assets/video/","level",468
"webroot_livepure/assets/video/","livepure",127
"webroot_lync/assets/video/","lync",5
"webroot_magnolia/assets/video/","magnolia",1760
"webroot_makeimpact/assets/video/","makeimpact",692
"webroot_mannago/assets/video/","mannago",469
"webroot_marketamer/assets/video/","marketamer",665
"webroot_mentor/assets/video/","mentor",330
"webroot_merryvital/assets/video/","merryvital",41
"webroot_missthis/assets/video/","missthis",5
"webroot_mojilife/assets/video/","mojilife",25
"webroot_monavie/assets/video/","monavie",82
"webroot_morinda/assets/video/","morinda",1747
"webroot_nerium/assets/video/","nerium",5819
"webroot_newuconnect/assets/video/","newuconnect",233
"webroot_onehope/assets/video/","onehope",73
"webroot_origamiowl/assets/video/","origamiowl",591
"webroot_paparazzi/assets/video/","paparazzi",2972
"webroot_prife/assets/video/","prife",149
"webroot_purium/assets/video/","purium",2039
"webroot_rainmobile/assets/video/","rainmobile",29
"webroot_savvi/assets/video/","savvi",1
"webroot_seint/assets/video/","seint",425
"webroot_sendoutcards/assets/video/","sendoutcards",258
"webroot_shaklee/assets/video/","shaklee",1494
"webroot_shiftpro/assets/video/","shiftpro",606
"webroot_sisel/assets/video/","sisel",41
"webroot_spotless/assets/video/","spotless",17
"webroot_syona/assets/video/","syona",109
"webroot_thinkapp/assets/video/","thinkapp",33
"webroot_threeapp/assets/video/","threeapp",483
"webroot_thrivelife/assets/video/","thrivelife",69
"webroot_touchstone/assets/video/","touchstone",169
"webroot_towergarden/assets/video/","towergarden",61
"webroot_tranont2020/assets/video/","tranont2020",64
"webroot_truaura/assets/video/","truaura",870
"webroot_verb/assets/video/","verb",6
"webroot_verbcrm/assets/video/","verbcrm",93
"webroot_verbpilot/assets/video/","verbpilot",95
"webroot_verbsales/assets/video/","verbsales",1054
"webroot_vidafy/assets/video/","vidafy",57
"webroot_viridian/assets/video/","viridian",13
"webroot_vni/assets/video/","vni",756
"webroot_wisebuildr/assets/video/","wisebuildr",41
"webroot_xyngularapp/assets/video/","xyngularapp",253
"webroot_yoli/assets/video/","yoli",444
"webroot_youngevity/assets/video/","youngevity",57
"webroot_zilisconnect/assets/video/","zilisconnect",74
"webroot_zyia/assets/video/","zyia",6